{"cameraMode":{"drawMode":0,"name":"Shaded","section":"Shading Mode"},"sceneLighting":true,"audioPlay":false,"sceneViewState":{"showFog":true,"showMaterialUpdate":false,"showSkybox":true,"showFlares":true,"showImageEffects":true,"showParticleSystems":true,"showVisualEffectGraphs":true,"m_FxEnabled":true},"in2DMode":false,"pivot":{"x":384.8556213378906,"y":210.7024688720703,"z":145.14967346191407},"rotation":{"x":-0.028495386242866517,"y":-0.007496966980397701,"z":-0.00021386602020356804,"w":0.9995669722557068},"size":253.4697723388672,"orthographic":true}